Dataset,size,Parse_time
OpenSSH,5k,3.458024263381958
OpenSSH,10k,3.9916250705718994
OpenSSH,20k,5.341275215148926
OpenSSH,40k,7.97112774848938
OpenSSH,60k,10.682123184204102
OpenSSH,80k,13.301334619522095
OpenSSH,100k,15.773462057113647
