Dataset,size,Parse_time
Mac,5k,110.80032587051392
Mac,10k,54.58907127380371
