Dataset,Parse_time
HDFS,3.342484951019287
Hadoop,3.1688127517700195
Spark,3.078193187713623
Zookeeper,3.0793049335479736
OpenStack,3.2554070949554443
BGL,3.258275032043457
HPC,3.112114906311035
Thunderbird,3.1912667751312256
Windows,3.2600791454315186
Linux,3.1392040252685547
Mac,3.17836594581604
Android,3.2567572593688965
HealthApp,3.216215133666992
Apache,3.0914978981018066
OpenSSH,3.1583139896392822
Proxifier,3.245216131210327
