Dataset,size,Parse_time
Spark,5k,3.581383228302002
Spark,10k,2.9861996173858643
