Dataset,Parse_time
HDFS,3.5351920127868652
Hadoop,3.936691999435425
Spark,3.32490611076355
Zookeeper,3.256309986114502
OpenStack,3.4076690673828125
BGL,3.4808380603790283
HPC,3.404139995574951
Thunderbird,3.6408751010894775
Windows,3.2589879035949707
Linux,2.952346086502075
Mac,3.937800884246826
Android,3.795707941055298
HealthApp,3.3224399089813232
Apache,3.6846120357513428
OpenSSH,4.224020004272461
Proxifier,3.843015193939209
